English Terms,中文翻译
Accelerated Depreciation,加快折旧
Accident and Health Benefits,意外与健康福利
Accounts Receivable (AR),应收账款
Accretive Acquisition,具增值作用的收购项目
Acid Test,酸性测试比率
Act of God Bond,天灾债券
Active Bond Crowd,活跃债券投资者
Active Income,活动收入
Active Investing,积极投资
Active Management,积极管理
Activity Based Budgeting,以活动为基础的预算案
Activity Based Management,以活动为基础的管理
Activity Ratio,活动比率
Actual Return,实际回报
Actuary,精算
Acquisition,收购
Acquisition Premium,收购溢价
Affiliated Companies,联营公司
Affiliated Person,关联人士
After Hours Trading,收盘后交易
After Tax Operating Income - ATOI,税后营运收入
After Tax Profit Margin,税后利润率
After The Bell,收盘铃后
Agent,代理人
Agency Bonds,机构债券
Agency Cross,交叉代理人
Agency Problem,代理问题
Agency Securities,机构证券
Aggregate Exercise Price,总行使价格
Aggressive Accounting,激进会计法
Aggressive Investment Strategy,进取投资策略
Alan Greenspan,格林斯潘
Allotment,配股
Allowance For Doubtful Accounts,呆账准备金
American Depository Receipt (ADR),美国存托凭证
American Depository Share (ADS),美国存托股份
American Option,美式期权
American Stock Exchange,美国股票交易所
Amortization,摊销
Analyst,分析员
Angel Investor,天使投资者
Annualize,年度化
Annual General Meeting (AGM),年度股东大会
Annual Report,年报
Annuity,年金
Annuity Due,即付年金
Anti-dilution Provision,反摊薄条款
Anti-takeover Measure,反收购措施
Anti-takeover Statute,反收购法规
Anti-trust,反垄断法
Any and All Bid,所有出价
APICS Business Outlook Index,APICS（美国生产及库存控制协议）商业前景指数
Appraisal,价值评估
Appreciation,升值
Arbitrage,套汇
Arbitrage Bond,套汇债券
Arbitrage Pricing Theory (APT),套汇定价理论
Arbitrage Trading Program (ATP),套汇交易理论
Arbitration,仲裁
Arms Length Transaction,公平交易
Asian Option,亚洲式期权
Ask (Price),买方叫价
Assessed Value,评估后价值
Assessor,估价人
Asset,资产
Asset-Backed Security,资产抵押证券
Asset Allocation,资产分配
Asset Allocation Fund,资产分配基金
Asset Coverage Ratio,资产偿付比率
Asset-Liability Management,资产负债管理
Asset Management,资产管理
Asset Play,资产隙
Asset Redeployment,资产重新配置
Asset Swap,资产互换
Asset Turnover,资产周转率
Asset Valuation,资产估值
Assets Under Management,管理资产额
Assignment,转让
At the Money,到价
ATP,套汇交易理论
Auction Market,拍卖市场
Audit,审计
Auditor's Report,审计师报告
Authorized Stock,授权股份
Auto Sales,汽车销售额
Automated Bond System (ABS),自动债券系统
Automated Confirmation Transaction Service (ACT),自动确认交易系统
Average Annual Growth Rate,平均年度增长率
Average Annual Return,平均年度回报率
Average Life,平均时期
Average Price,平均价格
Average Price Call,平均价格买入期权权
Average Price Put,平均价格出售期权
Average Up,提高平均价格
English Terms,中文翻译
Back Door Listing,后门上市/借壳上市
Backlog,订单积压
Back Office,后线
Back Pricing,往后定价
Back-to-Back Loan,背对背贷款
Backstop,最后担保
Bad Debt,不良贷款
Balanced Fund,平衡基金
Balanced Investment Strategy,平衡投资策略
Balance Of Payments (BOP),国际收支差额
Balance Of Trade (BOT),国际贸易差额
Balance Sheet,资产负债表
Balloon Option,气球型期权
Balloon Maturity,气球型期限
Bancassurance,银行出售保险
Bank Guarantee,银行担保
Bank for International Settlements (BIS),国际结算银行
Bank Insurance,银行保险
Bank Investment Contract (BIC),银行投资合约
Bank Rate,银行利率
Bank run,银行挤兑
Bankruptcy,破产
Bankruptcy Risk,破产风险
Barrel's per Day,每日产量（桶）
Barter,以物易物
Base Period,基本时期
Basing,平稳期
Basis Point (BP),基点
Bear Market,熊市
Bear Raid,空头猛跌，大量抛空以使价格下跌
Bearer Form,凭票即付形式，无记名形式
Beginning Inventory,期初库存
Behavioral Economics,行为经济学
Behavioral Finance,行为金融学
Benchmark,基准
Benchmark Bond,基准债券
Beneficial Owner,受益者
Beneficiary,受益方
Benefit Cost Ratio - (BCR),效益成本比率
Bequest,遗赠，遗产
Best Ask,最低叫价
Best Bid,最高出价
Best Efforts,尽力推销
Best Execution,最佳执行
Best Practice,最佳做法/最佳惯例
Best Price Rule,最佳价格规则
Beta (Coefficient),贝塔系数
Bid,买方出价
Bid-Ask Spread,买卖差价
Bid Price,买方出价
Black Knight,黑武士
Black Monday,黑色星期一
Black Thursday,黑色星期四
Block Trade,大宗交易
Blue Chip,蓝筹
Board Lot,单位数量，整份股
Board Of Directors,董事会
Bond,债券
Bond Anticipation Note (BAN),预期债券票据
Bond Equivalent Yield (BEY),债券等值收益
Bond Fund,债券基金
Bond Option,债券期权
Bond Rating,债券评级
Bond Swap,债券互换
Book Building,需求建档
Book Runner,账簿管理人
Book Value,账面价值
Book Value Per Common,每普通股账面价值
Break Even Point (BEP),收支平衡点
Bridge financing,过渡融资
Bridge loan,过渡贷款
Broad-Based Weighted Average,广泛基础加权平均
Broad-Base Index,广泛基础指数
Bubble,市场泡沫
Budget,预算案
BUGS Index,无对冲黄金股票指数
Bulge Bracket,表现最佳承销商
Bull,乐观投资者
Bull Vertical Spread,看涨的纵向多空套做
Bulldog Bond,猛犬债券
Bullet Bond,期末一次性偿还债券
Bullet Loan,期末一次性偿还贷款
Bullet Repayment,一次性偿还
Bullet Trade,子弹式交易
Bull Market,牛市
Bull Spread,看涨的多空套做
Burn Rate,资金消耗率
Business to Business (B2B),商业对商业（B2B)
Buy,买入
Buy And Hold,买入并持有
Buying Power,购买力
Buyout,收购
Buy Back,回购
Buy-In,补偿买进
Buy-Side,买方
Buyer's Market,买方市场
Buying Hedge,买入对冲
English Terms,中文翻译
CD,存款证
CEDEL,CEDEL
CEO,首席行政官
CFA,注册财务分析师
CFO,首席财务官
COGS,已售商品成本
COO,首席营运官
CPA,注册公共会计师
CPI,消费物价指数
Calendar Year,日历年
Call,买入期权
Call Date,买回日期
Call Loan,短期同业拆借，通知贷款
Call Loan Rate,短期同业拆借利率，通知贷款利率
Call Option,买入期权
Call Premium,买回溢价
Call Warrant,买入认股权证
Callable Bond,可买回债券
Callable Preferred Stock,可买回优先股
CAMELS Rating System,CAMELS评级制度
Capital,资本/资本金
Capital Account,资本帐户
Capital Adequacy Ratio (CAR),资本充足率
Capital Appreciation,资本升值
Capital Asset,资本资产
Capital Asset Pricing Model (CAPM),资本资产计价模型
Capital Base,资本金基础
Capital Budgeting,资本预算
Capital Employed,运用资本
Capital Expenditure,资本开支
Capital Gain,资本收益
Capital Goods,资本财货
Capital Guarantee Fund,资本保证基金
Capital Intensive,资本密集
Capital Loss,资本损失
Capital Lease,资本化租赁
Capital Markets,资本市场
Capital Note,资本票据
Capitalism,资本主义
Capitalization,总资本，总市值
Capitalize,资本化
Capped Option,有上限期权
Captive Fund,专属基金
Carrying Cost Of Inventory,库存置存成本
Carrying Value,账面现行价值
Carveout,分拆上市
Cash,现金
Cash And Cash Equivalents,现金及现金等价物
Cash Balance Pension Plan,现金余额养老金计划
Cash Budget,现金预算
Cash Commodity,现货
Cash Conversion Cycle,资金周转周期
Cash Dividend,现金股息
Cash EPS,现金每股盈利
Cash Flow,现金流
Cash Flow After Taxes,税后现金流
Cash Flow Per Share,每股现金流
Cash Flow Return on Investment (CFROI),投资的现金流回报
Cash Investment,现金投资
Cash on Cash Return,现金的现金回报率
Cash Market,现货市场
Cash Price,现金价格
Cash Return on Gross Investment - (CROGI),总投资现金回报率
Catastrophe Bond,灾难债券
Central Bank,中央银行
Certificate,证书
Certificate Of Deposit (CD),存款证
Certified Public Accountant,注册公共会计师
Charge Off,出账、销账
Chartered Financial Analyst (CFA),注册财务分析师
Cherry Picking,选出最有利的（投资等）
Chief Executive Officer,首席行政官
Chief Financial Officer,首席财务官
Chief Operating Officer,首席营运官
Chinese Wall,长城
Churning,挤油交易、反复买卖
Class Action,同级诉讼
Classical Economics,古典经济学
Classified Shares,分级股票
Clawback,追回利益、市场回落
Clean Balance Sheet,低负债资产负债表
Clean Price,纯价格
Clearing,结算
Clearing Fee,结算费用
Clearing House,结算行
Close Position,平仓
Closed-End Investment,定额投资
Closing,收盘、交易结束
Closing Bell,收盘铃
Collateral,抵押品
Collective Fund,集体基金
Commercial,商业
Commercial Bank,商业银行
Commercial Mortgage Backed Security (CMBS),商业抵押作担保的证券　
Commercial Paper,商业票据
Commission,佣金
Commission House,佣金行
Commodity,商品
Commodity Futures Trading Commission (CFTC),商品期货交易委员会
Competitive Bid,竞标
Compound Annual Growth Rate (CAGR),复合年均增长率
Concession,销售报酬
Concession Agreement,特许协议
Conglomerate,综合企业
Consumer Confidence Index (CCI),消费者信心指数
Consumer Credit,消费信贷
Consumer Price Index (CPI),消费物价指数
Conversion,转换
Conversion Premium,转换溢价
Conversion Price,转换价格
Convertible Bond,可转换债券
Convertible Debenture,可转换公司信用债券
Convertible Preferred Stock,可转换优先股
Convertible Subordinated Note,可转换次级票据
Convertibles,可转换证券
Conveyance,地产让与证书
Contingency,偶然事故
Corporate Bond,企业债券
Corporate Cannibalism,企业自我竞争
Corporate Finance,企业融资
Corporate Governance,企业治理
Corporate Tax,公司税
Corporation,公司、企业
Cost Basis,成本基础
Cost of Capital,资本成本
Cost of Equity,股本成本
Cost of Funds,资金成本
Cost of Goods Sold (COGS),已售商品成本
Cost Synergy,成本协同效益
Counterparty Risk,交易对手风险
Country Risk,国家风险
Coupon,息票
Coupon Bond,有息票债券
Covenant,契约
Coverage Initiated,纳入研究范围
Credit,信贷、信用、贷项
Credit Default Swap,信贷违约掉期
Credit Derivative,信贷衍生工具
Credit Enhancement,加强信贷措施
Credit Card,信用卡
Credit Cliff,信用悬崖
Credit Crunch,紧缩信贷
Credit Risk,信贷风险
Credit Rating,信用评级
Credit Spread,信贷息差
Credit Union,信用合作社
Creditor,债权人
Critical Mass,关键规模
Cross,交叉交易
Cross Default,连带违约
Cross Hedge,交叉对冲
Cross Holding,交叉持股
Crossover Fund,交叉基金
Crown Corporation,国家企业
Crown Jewels,顶尖业务
Crystallization,结晶交易
Cum Dividend,附股息
Cumulative Dividend,累积股息
Cumulative Voting,累计投票
Curb,交易控制
Curb Trading,场外交易
Currency,货币
Currency Forward,货币远期
Currency Futures,货币期货
Currency Option,货币期权
Currency Overlay,货币管理外包
Currency Swap,货币掉期
Current Account,经常帐户
Current Assets,流动资产
Current Liabilities,流动负债
Current Maturity,现时年期
Current Price,现时价格
Current Ratio,流动比率
Current Yield,现时收益率
Cushion Bond,保收债券
CUSIP Number,美国证券库斯普号码
Custodial Account,保管帐户
Custodian,保管人
Cyclical Industry,周期性行业
Cyclical Stock,周期性股票
Cyclical Unemployment,周期性失业
English Terms,中文翻译
DJIA,道琼斯工业平均指数
DJTA,道琼斯交通平均指数
DJUA,道琼斯公用事业平均指数
Data Mining,数据探索
Days Payable Outstanding (DPO),应付账款天数
Days Sales Outstanding (DSO),应收账款天数
Debenture,公司债券
Debit,借项、借方
Debt,债务
Debt Equity Ratio,债务股本比
Debt Equity Swap,债换股交易
Debt Financing,债务融资
Debt Ratio,负债比率
Debt Restructuring,债务重组
Debt Security,债务证券
Debt Service,还本付息
Debt Service Coverage Ratio,债务偿付比率
Debtor,债务人
Debt Overhang,债务积压
Declaration Date,股息宣告日
Deep Discount Bond,高折扣债券
Default,违约，未能履行合约
Default Risk,违约风险
Defeasance,宣告（合约）无效、废止契约
Defensive Buy,防御性投资
Defensive Investment Strategy,防御性投资策略
Deferred Account,递延帐户
Deferred Annuity,递延年金
Deferred Income Tax,递延所得税
Deferred Interest Bond,递延利息债券
Deferred Revenue,递延收入
Defined Benefit Pension Plan,养老金固定收益计划
Defined Contribution Plan,养老金固定缴款计划
Deflation,通货萎缩
Deleverage,减债
Delinquent,拖欠债务
Delisting,摘牌、停止上市
Delivery,交割、交货
Delivery Date,交割日期
Delivery Instrument,交割文件
Delivery Month,交割月份
Delivery Price,交割价格
Delivery Versus Payment,付款交割
Demand,需求
Demand Deposit,活期存款
Demand Note,即期票据
Demerger,分拆
Demutualization,公司化、非共同化
Denomination,票面金额
Dependency Ratio,瞻养比率
Dependent,受扶养人士
Deposit,存款、按金
Depository Receipt,存托凭证
Depository Trust and Clearing Corporation (DTCC),存托及结算机构
Depository Trust Company (DTC),存托公司
Depreciated Cost,折余成本、已折旧成本
Depreciation,折旧、贬值
Depression,经济萧条
Deregulation,放宽管制
Derivative,衍生工具
Devaluation,贬值
Development Stage,发展阶段
Diluted Earnings Per Share,摊薄后每股盈利
Dilution,摊薄、减损
Dilutive Acquisition,减损盈利的收购项目
Discharge in Bankruptcy,已解除债务的破产人
Discount,折扣、贴现
Discount Bond,贴现债券、折扣债券
Discount Broker,折扣经纪人
Discount Note,贴现票据、折扣票据
Discount Rate,贴现率、折让率
Discount Window,贴现窗
Discounted Cash Flow (DCF),贴现现金流
Discretionary Account,委托帐户、全权管理帐户
Discretionary Income,可自由支配收入
Discretionary Order,全权委托指令
Diseconomies of Scale,规模不经济
Disinflation,反通货膨胀
Disinvestment,投资缩减
Disintermediation,非中介化
Disposable Income,可支配收入
Disposition,财产转让
Distressed Sale,廉价急售
Distressed Securities,证券减值
Distribution,派发、分配
Distribution in Kind,派发实物
Divergence,偏离
Diversification,多元化
Diversified Common Stock Fund,多元化普通股资金
Divestiture,分拆、出售资产
Dividend,股息
Dividend Discount Model (DDM),股息贴现模型
Dividend Payout Ratio,股息支付率
Dividend Policy,股息政策
Dividend Reinvestment Plan,股息再投资计划
Dividend Yield,股息收益率
Double Dipping,双重收费
Double Dip Recession,双谷经济衰退
Double Taxing,双重征税
Dow Jones Industrial Average (DJIA),道琼斯工业平均指数
Dow Jones Transportation Average (DJTA),道琼斯交通平均指数
Dow Jones Utility Average (DJUA),道琼斯公用事业平均指数
Dow Theory,道氏理论
Down Round,估值较低的一次融资
Down-and-In Option,股价下跌生效的期权
Down-and-Out Option,股价下跌失效的期权
Downgrade,下调评级
Downside,负面发展的可能性
Downside Risk,负面风险
Downsize,缩小规模
Downstream,下游
Downtick,低价交易
Downtick Volume,低价交易量
Drag Along Rights,带领权
Dragon Bond,龙债券
Dual Listing,两地上市
Due Diligence,尽职调查
Dummy Director,挂名董事、名义董事
Dummy Shareholder,名义股东
Dumping,[廉价]倾销
Du Pont Analysis,杜邦分析
Du Pont Identity,杜邦特性理论
Duopoly,双头垄断
Durables,耐用品
Duration,期限
Dutch Auction,荷兰拍卖
English Terms,中文翻译
EBIT,扣除利息及税项前盈利
EBITD,扣除利息、税项及折旧前盈利
EBITDA,扣除利息、税项、折旧及摊销前盈利
EBITDAR,扣除利息、税项、折旧、摊销及重组成本前盈利
EBT,税前盈利
EPS,每股盈利
EV,企业价值
EVA,经济增值
Earning Assets,盈利资产
Earnings,盈利
Earnings Estimate,盈利预测
Earnings Multiplier,盈利倍数
Earnings Per Share (EPS),每股盈利
Earnings Surprises,盈利不符预测
Earnings Yield,盈利收益
Earnout,基于财务表现额外对价条款
Ecommerce,电子商贸
Econometrics,计量经济学
Economic Value Added (EVA),经济增值
Economics,经济学
Economies of Scale,规模经济
Economies of Scope,范畴经济
Economy,经济体系
Effective Duration,有效期限
Effective Tax Rate,有效税率
Effective Yield,有效收益率
Efficiency Ratio,效益比例
Elasticity,弹性
Embedded Option,隐含期权
Embedded Value,隐含价值
Emerging Market Fund,新兴市场基金
Employee Contribution Plan,员工供款计划
Ending Inventory,期末库存
Endowment,捐赠
Enterprise Multiple,企业倍数
Enterprise Value,企业价值
Equilibrium,均衡
Equity,股票、股本
Equity Accounting,权益会计法
Equity-Linked Note,股票关联票据
Equity Carve-out,股票分拆上市
Equity Financing,股票融资
Equity Fund,股票资金
Equity Multiplier,股票倍数
Equity Risk Premium,股票风险溢价
Equity Unit Investment Trust,股票单位信托
Escrow Agreement,第三方保管协议
Escrow,第三方保管契约
Eurobank,欧洲银行
Eurobond,欧洲债券
Euroclear,欧洲债券结算系统
Eurodollar,欧洲美元
European Option,欧洲式期权
EV/EBITDA,企业价值/EBITDA（企业倍数）
Even Lot,整批［证券］
Ex-Dividend,除息、不带息
Ex-Rights,除权、不带新股认股权
Ex-Warrant,除证、不带认股权证
Exceptional Item,特殊项目
Excess Return,额外回报
Exclusion Ratio,除外责任比率
Exchange,交易所
Exchange Distribution,交易所分销
Exchange Privilege,转移特权
Exchange Rate,外汇率
Exchange Traded Fund,交易所指数基金
Exchangeable Debt,可交换债务
Exchangeable Security,可交换证券
Exercise,行使、执行
Exit Strategy,退出投资策略
Expected Return,预期回报率
Expense,开支
Expense Ratio,开支比率
Expiration Date,到期日
Export,出口
Extendable Bond,可延长债券
Extension Risk,延长风险
Extraordinary Item,非经常项目
Extrinsic Value,外在价值
English Terms,中文翻译
FOMC,公开市场委员会
FTSE,金融时报股票交易所指数
FX,外汇
Face Value,面值
Facility,信贷额度、资金设施
Fair Value,公平价值
Fairness Opinion,公平意见
Fed,联储局
Federal Funds,联邦基金
Federal Funds Rate,联邦基金利率
Federal Open Market Committee (FOMC),公开市场委员会
Federal Reserve Bank,联邦储备银行
Federal Reserve Board (FRB),联邦储备委员会
Federal Reserve System (the Fed),联邦储备体系
Fed Model,联邦储备模型
Fiduciary,受托人
Final Dividend,最终股息
Final Prospectus,公开说明书定稿
Finance,财务
Financial Accounting,财务会计
Financial Accounting Standards Board - (FASB),财务会计标准委员会
Financial Asset,金融资产
Financial Engineering,金融资产重整
Financial Intermediary,金融中介机构
Financial Performance,财务表现
Financial Planner,财务规划
Financial Supermarket,金融超级市场
Firm commitment,坚定承诺
FIFO,先进先出
Fiscal Agent,财务代理
Fiscal Policy,财政政策
Fiscal Year,财务年度
Fixed Annuity,固定年金
Fixed Asset,固定资产
Fixed-Charge Coverage Ratio,固定费用偿付比率
Fixed Cost,固定成本
Fixed Income Security,固定收入证券
Fixed Interest Rate (mortgage),固定利率（抵押）
Flight to Quality,安全投资转移
Flipper,迅速换手投资者
Float,公开流通股票
Floater,无记名票据
Floating Rate Note (FRN),浮息票据
Floor,最低额
Floor Trader,出市代表、场内交易商
Flotation,发行、上市
Flotation Cost,发行成本
Follow-on Offering,后续发行
Forbearance,暂缓行使（债权人权利）
Force Majeure,不可抗力
Forced Conversion,强制转换
Forecasting,预测
Foreign Bond,国外债券
Foreign Currency Effects,外币效应
Foreign Direct Investment (FDI),外国直接投资
Forex,外汇
Fortune 500,财富500
Forward Contract,远期合约
Forward Integration,前向整合
Forward Looking Earnings,预见性盈利
Forward Market,远期市场
Forward Price,远期价格
Forward Rate,远期利率
Forward Rate Agreement (FRA),远期利率协议
Forward Swap,远期掉期
Free Cash Flow,自由现金流
Free Cash Flow for the Firm (FCFF),企业自由现金流
Free Cash Flow per Share,每股自由现金流
Fully Valued,已充分反映实值
Fundamental Analysis,基本面分析
Fund Manager,基金经理
Funded Debt,长期债款、融资债务
Funds From Operations (FFO),来自营运现金流
Funds of Funds,基金中的基金
Fungibility,可互换
Fungibles,可互换物品
Future Rate Agreement (FRA),期货利率协议
Future Value,未来价值
Futures,期货
Futures Contract,期货合约
Futures Market,期货市场
English Terms,中文翻译
G-5,五大工业国
G-7,七大工业国
GAAP,通用会计制度
GDP,国内生产总值
GDR,全球存托凭证
GNP,全民生产总值
GPM,生产毛利率
Gain,收益
GDP Deflator,GDP平减数
GDP Gap,GDP差距
Gearing,本债比
Gearing Ratio,负债比率
General Agreement of Tariffs and Trade (GATT),关税及贸易总协定
General Depreciation System,一般折旧制度
General Ledger,总分类账
Generally Accepted Accounting Principles (GAAP),通用会计制度
General Obligation Bond,一般义务债券
Global Bond,全球债券
Global Depository Receipt (GDR),全球存托凭证
Global Investment Performance Standards (GIPS),全球投资表现标准
Global Fund,全球基金
Global Macro Strategy,全球宏观策略
Global Registered Share,全球注册股票
Globalization,全球一体化
Going Concern,持续经营
Going Concern Value,持续经营价值
Going Public,公开上市
Golden Handcuffs,金手铐
Golden Lifejacket,黄金救生衣
Golden Parachute,黄金降落伞
Golden Share,黄金股
Goodwill,商誉
Government Security,证券担保
Gray Knight,灰武士
Gray Market,灰市
Greenfield Investment,全新投资项目
Greenshoe Option,超额认股权
Greenspan Put,格林斯潘对策
Gross Income,毛收入
Gross Domestic Product (GDP),国内生产总值
Gross National Product (GNP),全民生产总值
Gross Processing Margin (GPM),生产毛利率
Gross Sales,总销售额
Gross Spread,总费率
Group of Five (G-5),五大工业国
Group of Seven (G-7),七大工业国
Growth At A Reasonable Price (GARP),以合理价格增长
Growth Fund,增长基金
Growth Rates,增长率
Growth Stock,增长股票
Guaranteed Stock,有担保股票
Guarantor,担保人
English Terms,中文翻译
HSI,恒生指数
H-Shares,H股
Haircut,估值折扣
Hang Seng Index (HSI),恒生指数
Hard Call Protection,强制买回保障
Hard Currency,硬货币
Hard Landing,硬着陆
Hard Loan,硬通货贷款
Hedge,对冲
Hedge Fund,对冲基金
Hedge Ratio,对冲比率
Herd Instinct,羊群心理
Heir,承继人
Hold,持有
Holding Company,控股公司
Holding Period,持有期
Holding Period Return/Yield,持有期回报/收益率
Horizontal Integration,横向整合
Horizontal Merger,横向合并
Horizontal Spread,水平价差
Hostile Takeover,恶意收购
House Call,经纪公司催缴通知
Household Expenses,家庭开支
Hot Issue,热门发行
Hot Money,热钱
Hurdle Rate,最低预期回报率
Hybrid Security,混合证券
Hyperinflation,恶性通货膨胀
English Terms,中文翻译
IAS,国际会计标准
IB (Investment Bank),投资银行
IBES,机构经纪人预测系统
IPO,首次公开上市
IR,投资者关系部
IRR,内部回报率
Idle Funds,游资、闲置资金
Idle Time,闲置时间
Illiquid,不能变现
Immunization,利率变动风险防范
Impaired Asset,受损的资产
Impaired Credit,受损的信贷
Impairment,（资本）损耗
Implicit Cost,隐含成本
Implied Volatility (IV),隐含波动性
Import,进口
In the Money,到价
Income,收入
Income Fund,收益基金
Income Statement,损益表
Income Stock,收益股票
Income Tax,所得税
Indemnity,赔偿
Indenture,契约
Independent Auditor,独立审计师
Index,指数
Index Fund,指数基金
Index Futures,指数期货
Index Option,指数期权
Indexing,指数化
Indicator,指标
Industry,行业
Inflection Point,转捩点
Infrastructure,基础设施
Initial Margin,首期保证金
Initial Public Offering (IPO),首次公开上市
Insider,内幕人士
Insider Information,内幕消息
Insider Trading,内幕交易
Installment Debt,分期偿还债务
Institutional Brokers' Estimate System (IBES),机构经纪人预测系统
Institutional Fund,机构基金
Institutional Investor,机构投资者
Insolvency,资不抵债
Intangible Asset,无形资产
Interest,利息、权益
Interest Rate,利率
Interest Rate Ceiling,最高利率
Interest Rate Parity,利率平价理论
Interest Rate Swap,利率掉期
Interim Dividend,中期股息
Internal Audit,内部审计
Internal Growth Rate,内部增长率
Internal Rate of Return (IRR),内部回报率
International Accounting Standards,国际会计标准
International Bond,国际债券
International Fund,国际基金
Intrinsic Value,内在价值
Inventory,库存、存货
Inventory Turnover,库存周转率
"""Invest, Then Investigate""",先投资，后调查
Investing,投资
Investment,投资
Investment Advisor,投资顾问
Investment Bank,投资银行
Investment Banker,投资银行家
Investment Climate,投资环境
Investment Company Act of 1940,1940年投资公司法
Investment Grade,投资等级
Investment Real Estate,投资性房地产
Investment Vehicle,投资媒体
Investor Relations,投资者关系部
Invisible Hand,无形之手
Invisible Supply,可见供应
IPO Lock-up,首次公开上市锁定期、禁售期
Issuer,发行人
English Terms,中文翻译
Joint Account,联合账户
Joint Bond,共同债券
Joint Owned Property,共同拥有财产
Joint Stock Company,股份公司
Joint Venture,合资企业、合资经营
Jointly and Severally,连带、共同
Junior Security,次级证券
Junk Bond,垃圾债券、高风险债券
Just In Time,及时生产
（空）,
English Terms,中文翻译
LBO,负债收购
LIBOR,伦敦银行同业拆放利率
LIFO,后进先出
LLC,有限责任公司
LTM,过去12个月
Labor Intensive,劳工密集
Laissez Faire,自由不干预理论
Large-Cap,高市值股票
Last In First Out (LIFO),后进先出
Last Twelve Months,过去12个月
Leakage,涉漏消息
Lease,租赁
Leaseback,租回已出售财产
Letter of Comfort,告慰函、安慰函
Letter of Credit,信用证
Letter of Indemnity,赔偿保证书
Letter of Intent,意向书
Leveraged Buyout (LBO),负债收购
Leveraged Lease,融资租赁
Leveraged Recapitalization,融资资本充实
Liability,负债
Life Expectancy,预计寿命
Life Insurance,人寿保险
Limited Liability Company (LLC),有限责任公司
Limited Partnership,有限合伙
Line of Credit,信贷额度、信贷限额
Liquidated Damages,预定的违约金
Liquidation,清算、清理
Liquidity,流通性、变现能力
Liquidity Preference Theory,流动性偏好理论
Liquidity Risk,流通风险
Liquid Market,高流通性市场
Listed Security,上市证券
Loan,贷款
Loan Loss Provision,贷款损失准备金
Loan Sharking,高利贷
Loan Syndication,贷款银团
Loan to Value Ratio,贷款与价值比率
Lock-up Agreement,锁定协议
London Interbank Offer Rate (LIBOR),伦敦银行同业拆放利率
Long Bond,长期债券
Long Term Assets,长期资产
Long Term Debt/Capitalization,长期债务/总资本比率
Long Term Debt,长期债务
Long Term Liabilities,长期负债
Lot,交易单位、批
Lump Sum Distribution,一次总付分配
English Terms,中文翻译
M1,货币供应量1
M2,货币供应量2
M3,货币供应量3
MTN,中期票据
Macroeconomics,宏观经济
Majority Shareholder,多数股东
Management Buyin (MBI),保留管理层的收购项目
Management Buyout (MBO),管理层收购项目
Management Fee,管理费用
Manager Universe (Benchmark),管理人基准比较
Margin Account,保证金、按金
Marginal Tax Rate,边际税率
Marginal Utility,边际效用
Mark to Market (MTM),以市值计价
Markdown,减价、调低标价
Market,市场
Market Arbitrage,市场套利
Market Cannibilization,互相争夺市场
Market Capitalization,总市值
Market Exposure,股市投资比率
Market Outperform,表现超越大市
Market Order,市价订单
Market Risk,市场风险
Market Risk Premium,市场风险溢价
Market Segmentation,市场细分
Market Sentiment,市场情绪
Market Value,市场价值
Market Value Added (MVA),市场增值
Marketable Securities,有价证券
Maturity,期限
Maturity Date,到期日期
Mean,平均值
Mechanical Investing,机械化投资
Medium Term,中期
Medium Term Note (MTN),中期票据
Mega Cap,超高市值股票
Member of Household,家庭成员
Merchant Bank,商人银行
Merger,合并
Merger Arbitrage,合并套利
Mezzanine Financing,夹层融资
Michigan Consumer Sentiment Index,密歇根消费者信心指数
Micro Cap Stock,微型市值股票
Microeconomics,微观经济
Mid Cap Stock,中等市值股票
Minority Interest,少数权益
Mirror Fund,镜子基金
Monetary Policy,货币政策
Monetize,套现、货币化
Money,金钱、货币
Money Flow,货币流量
Money Flow Index (MFI),货币流量指数
Money Laundering,洗黑钱
Money Market,货币市场
Money Market Account,货币市场账户
Money Market Fund,货币市场基金
Money Supply,货币供应
Money Zero Maturity (MZM),零期限货币
Monopoly,垄断、专利
Monopsony,买方垄断
Mortgage,房地产抵押
Mortgage Backed Securities,以房地产抵押作担保的证券
Mortgage Banker,房地产抵押银行家
Multinational Corporation,跨国企业
Multiple,倍数
Multiple Compression,倍数压缩
Multiplier Effect,乘数效应
Municipal Bond,市政债券
Municipal Bond Fund,市政债券基金
Municipal Convertible,市政可转换证券
Mutual Fund,共同基金
Mutual Fund Liquidity Ratio,共同基金流动率
English Terms,中文翻译
NASD,国家证券经纪商协会
Nasdaq,纳斯达克市场
Nasdaq-NM,纳斯达克全国市场
NAV,资产净值
NAVPS,每股资产净值
NI,净收入
NOI,营运净收入
NPL,不良贷款
NPV,净现值
NYSE,纽约股票交易所
Nasdaq National Market Securities,纳斯达克全国市场
Natural Unemployment,自然失业
NAV per Share,每股资产净值
Negative Carry,负盈利
Negative Covenant,负面契约
Negative Goodwill,负商誉
Negative Income Tax,负所得税
Negative Pledge Clause,负抵押条款
Negotiable,可磋商修改的
Negotiated Underwriting,经磋商协议的承销费用
Net Asset Value (NAV),资产净值
Net Asset Value per Share,每股资产净值
Net Debt,净债务
Net Domestic Product,国内生产净值
Net Exports,净出口值
Net Income (NI),净收入
Net Interest Margin,净息差
Net Investment Income,净投资收入
Net Liquid Assets,流通资产净值
Net Loss,净亏损、净损失
Net Operating Income (NOI),营运净收入
Net Operating Profit After Tax (NOPAT),税后净营运利润
Net Operating Profit Less Adjusted Taxes (NOPLAT),税务调整净营运利润
Net Present Value (NPV),净现值
Net Proceeds,净收益
Net Receivables,应收账款净额
Net Sales,净销售额
Net Tangible Assets,有形资产净值
Net Worth,净值
New Economy,新经济
New York Stock Exchange,纽约股票交易所
Nikkei,日经指数
Nominal Interest Rate,名义利率
Nominal Value,名义价值
Nominal Yield,名义收益率
Non-Callable,不可买回
Non-Operating Asset,非营运资产
Non-Operating Cash Flows,非营运现金流
Non-Performing Asset,不良资产
Non-Performing Loan,不良贷款
Non-Profit Organization,非牟利机构
Non-Recourse Debt,无追索权债务
Non-Recourse Finance,无追索权融资
Nonrecurring Charge,非经常开支
Note,票据
NYSE Composite Index,纽约股票交易所综合指数
English Terms,中文翻译
OECD,经济合作及发展组织
OPEC,石油输出国组织、欧佩克
OTC,场外交易证券
Obligor,债务人
Odd Lot,零星股、散股
Off Balance Sheet Financing,资产负债表以外融资
Offering Circular,发行说明书
Offering Memorandum,发行备忘录
Offshore,境外
Oligopoly,寡头垄断
Oligopsony,卖方寡头垄断
Online Banking,网上银行
Open End Credit,开放性信贷
Open-End Fund,开放性基金
Operating Cash Flow (OCF),营运现金流
Operating Expenses,营运开支
Operating Income,营运收入
Operating Lease,营运租赁
Operating Leverage,营运贡杆
Operating Margin,营运利润率
Operating Ratio,营运比率
Opportunity Cost,机会成本
Option,期权
Organic Growth,内部增长
Organization of Petroleum Exporting Countries (OPEC),石油输出国组织、欧佩克
Other Current Assets,其他流动资产
Other Current Liabilities,其他流动负债
Other Long Term Liabilities,其他长期负债
Out of Pocket Expenses,实付开支
Out of the Money,未到价
Outperform,表现超越大市
Outside Director,外部董事
Outsourcing,外包
Overallotment,超额配股权
Overcapitalization,资金过剩
Overcollateralization,增加抵押通知
Overdraft,透支
Overhang,积压待发股票、悬货
Overhead,间接成本
Overnight Index Swap,隔夜指数掉期
Overnight Rate,隔夜利率
Oversold,超卖
Oversubscribed,超额认购
Over-The-Counter (OTC),场外交易证券
English Terms,中文翻译
P/E Ratio,市盈率
PCE,个人消费开支
PP&E,地产、厂房及设备　
PV,现值
Paid in Capital,实收资本
Paid-Up Capital,已缴资本
Panic Buying,恐慌性买入
Panic Selling,恐慌性出售
Par,等值
Pari Passu,同等权利
Paris Club,巴黎俱乐部
Parity,平价
Parity Bond,等值债券
Par Value,票面值
Passive Investing?,被动投资
Patent,专利权
Payback Period,投资回收期
Paydown,部分还款
Paydown Factor,部分还款系数
Paying Agent,付款代理人
Payment Date,付款日期
Payment in Kind,实物支付
Payment in Kind Bond (PIK),实物支付债券
Payout Ratio,派息比率
PEG Ratio,市盈率与增长比率
PEGY Ratio,市盈率与增长及股息比率
Pegged exchange rate,联系汇率
Perfect Competition,完全竞争
Performance Shares,表现股票
Perpetual Bond,永久债券
Perpetuity,永久年金
Personal Finance,个人理财
Personal Income,个人收入
Petty Cash,零用现金、小额出纳金
Phantom Stock,影子股票
Portfolio,投资组合
Portfolio Income,投资组合收入
Portfolio Insurance,投资组合保险
Portfolio Manager,投资组合经理
Portfolio Management,投资组合管理
Position,投资持有量
Positive Volume Index (PVI),正交易量指数
Post-Money Valuation,交易后估值
Power of Attorney,授权书
Power Ratio,能量比率
Pre-Market Trading,开市前交易
Pre-Money Valuation,交易前估值
Precious Metal,贵重金属
Preemptive Right,优先权
Preferred Stock,优先股
Premium,溢价
Premium Bond,溢价债券
Prepackaged Bankruptcy,预先包装的破产
Prepayment,预付
Prepayment Risk,预付风险
Present Value,现值
Press Release,新闻稿
Price Discovery,价格发现
Price-Earnings Ratio,市盈率
Price-Earnings Relative,相对市盈率比率
PEG Ratio,市盈率与增长比率
PEGY Ratio,市盈率与增长及股息比率
Price-To-Book Ratio,股价与账面价值比率
Price-To-Cash-Flow Ratio,股价与现金流比率
Price-To-Sales Ratio,股价与销售额比率
Price Elasticity of Demand,需求的价格弹性
Price Risk,价格风险
Price Target,价格目标
Pricing Power,定价能力
Primary Market,初级市场
Prime Rate,最优惠利率
Principal,本金、[企业]主要负责人、[交易]当事人
Private Banking,私人银行
Private Company,私人公司
Private Equity,私人股本
"""Private Investment, Public Equity (PIPE)""",私人投资公开股票　
Private Placement,私募
Privatization,民营化
Pro Bono,以公共福利为目的
Pro Forma,备考、模拟
Pro Forma Earnings,备考盈利
Pro Rata,按比例
Producer Price Index (PPI),生产价格指数
Productivity,生产力
Profit,利润
Profit Center,利润中心
Profit Margin,利润率
Profit Sharing Plan,利润分成计划
Profit Taking,获利抛售
Profit Warning,利润预警
Progressive Tax,累进税
Project Finance,项目融资
Promissory Note,本票
Property,财产
Property Tax,财产税
Proportional Tax,比例税
Proprietary Trading,自由资金交易
Prospectus,公开说明书
Protectionism,保护主义
Provisional Call Feature,有条件买回条款
Proxy,代理委托书
Public,公开资产
Public Company,上市公司
Public Offering Price (POP),公开发行价值
Purchase Acquisition,购股接管
Purchasing Power,购买力
Pure Play,单一业务
Put,出售权
Put Bond,可卖回债券
Put-Call Parity,买入-出售价差
Put-Call Ratio,买入-出售比率
Put Warrant,出售认股权证
English Terms,中文翻译
"Q1, Q2, Q3, Q4",季度（第一季度、第二季度、第三季度、第四季度）
QIB,合资格机构投资者
Qualified Institutional Buyer (QIB),合资格机构投资者
Qualitative Analysis,定性分析
Quality of Earnings,盈利质量
Quantitative Analysis,定量分析
"Quarter (Q1, Q2, Q3, Q4)",季度（第一季度、第二季度、第三季度、第四季度）
Quick Assets,速动资产
Quick Ratio,速动比率
Quiet Filing,安静申请
Quiet Period,静止期
Quorum,法定人数
Quota,配额、限额
English Terms,中文翻译
R&D,研究开发
R/E,保留盈余
REIT,房地产投资信托
ROA,资产回报率
ROC,变动率
ROCE,已动用资本回报率
ROE,股本回报率
ROI,投资回报率
ROIC,投资资金回报率
Rally,价格回升
Range,价格波幅
Rate of Change (ROC),变动率
Rating,评级
Rating Agency,评级机构
Rationalization,优化改组
Real Asset,实际资产
Real Estate,房地产
Real Estate Agent,房地产代理
Real Estate Investment Trust (REIT),房地产投资信托
Real Interest Rate,实际利率
Real Rate of Return,实际回报率
Realized Loss,实现损失
Realized Profit,实现利润
Recapitalization,资本结构调整
Receivable Turnover Ratio,应收账款周转率
Recession,经济衰退
Record Date,记录日
Red Chip,红筹公司
Red Herring,红头招股书、公开说明书初稿
Redemption,赎回
Reference Rate,参考比率
Refinance,再融资
Reflation,通货复涨、通货在膨胀
Refunding,债券换新
Regional Stock Exchange,地区股票交易所
Registered Investment Advisor (RIA),注册投资顾问
Registration Right,注册权
Regressive Tax,累退税
Regulated Investment Company (RIC),受监管投资公司
Regulation A,条例A
Regulation D,条例D
Regulation FD (Reg FD),条例FD
Regulation G,条例G
Regulation M,条例M
Regulation Q,条例Q
Regulation T,条例T
Regulation U,条例U
Reinsurance,再保险
Reinvestment,再投资
Reinvestment Rate,再投资率
Reinvestment Risk,再投资风险
Relative Strength,相对实力
Reorganization,企业重组
Repatriation,资金汇回本国
Repayment,偿还债务
Replacement Cost,重置成本
Required Rate Of Return,要求回报率
Required Reserves,要求储备金
Research and Development (R&D),研究及开发
Restricted Stock,有限制股票
Restructuring,业务重组
Retail Banking,零售银行
Retail Investor,零售投资者
Retained Earnings,保留盈余
Return,回报率
Return of Capital,资本回报率
Return On Assets (ROA),资产回报率
Return On Capital Employed (ROCE),已动用资本回报率
Return On Capital Gains,资本收益回报率
Return On Equity (ROE),股本回报率
Return On Net Assets (RONA),净资产回报率
Return On Investment (ROI),投资回报率
Return On Investment Capital (ROIC),投资资金回报率
Return On Revenue (ROR),收入回报率
Return On Sales (ROS),销售回报率
Revenue,总收入
Reversed takeover,反向收购
Revolving Credit,循环信贷
Right,购股权
Right Of First Refusal,优先权
Rights Issue,购股权发行
Rights Offering,购股权发行
Ring Fence,围栏策略
Risk,风险
Risk Based Capital Requirement,风险资本要求
Risk Adjusted Discount Rate,风险调整贴现率
Risk Adjusted Return,风险调整回报率
Risk Adjusted Return on Capital (RAROC),风险调整资本回报率
Risk Capital,风险资本
Risk-Free Asset,无风险资产
Risk Free Rate of Return,无风险回报率
Risk Tolerance,风险容忍度
Road Show,路演
Royalty,使用权税、专利权税
Rule 144A,144A 条例
Rule of 18,18定律
Rule of 72,72定律
Russell 2000 Index,Russell 2000指数
English Terms,中文翻译
SEC,美国证券交易监督委员会 （美国证监会）
S&P,标准普尔
S&P500,标准普尔500
SPV,特殊功能公司
Safe Harbor,避风港
Sales Per Share,每股销售额
Sales Tax,销售税
Sales to Cash Flow Ratio,销售额与现金流比率
Salvage Value,残值
Samurai Bond,武士债券
Scarcity,稀有
Secondary Market,二级市场
Secondary Offering,二级发行
Secondary Stock,次级股票
Sector,行业类股
Sector Fund,行业基金
Sector Rotation,转移投资行业
Secured Debt,有抵押债务
Secured Note,有抵押票据
Securities & Exchange Commission (SEC),美国证券交易监督委员会 （美国证监会）
Securities Lending,证券借贷
Securitization,证券化
Security,证券
Security Analyst,证券分析员
Seed Capital,种子资金
Segregated Fund,独立基金
Sell,卖出
Sell-Off,抛售
Sell-Out,售出清理
Seller's Market,卖方市场
Selling Hedge,卖出对冲
"""Selling, General, & Administrative Expenses (SG&A)""",销售及行政开支
Selling Short,卖空
Semi-annual,半年
Semi-Variable Cost,半可变因素
Senior Security,高级证券
Sensitivity Analysis,敏感度分析
Sentiment Indicator,投资情绪指标
Settlement Date,结算日期
Settlement Price,结算价格
Shadow Pricing,影子定价
Shadow Rating,影子评级
Share,股票
Share Capital,股本金
Share Repurchase,回购股份
Shareholder,股东
Shareholder Value Added (SVA),股东增值
Shareholder Value Transfer (SVT),股东价值转移
Shareholders Equity,股东权益
Shares Outstanding,已发行股票
Shark Repellent,抗鲨措施
Shark Watcher,鲨变监察者
Shelf Offering,暂搁发行
Shelf Registration,暂搁注册
Short Selling,卖空
Silent Partner,隐名合伙人
Sinking Fund,偿债基金
Small-Cap,低市值公司
Soft Call Protection,非强制买回保障
Soft Commodity,软商品
Soft Currency,软货币
Soft Landing,软着陆
Soft Loan,软贷款
Soft Money,软通货、纸币
Sole Proprietorship,独资经营
Solvency,偿付能力、资力
Solvency Ratio,偿付比率
Sovereign Risk,国家主权风险
S&P 500,标准普尔500
S&P (Standard And Poor's),标准普尔
Special Purpose Vehicle,特殊功能公司
Specialist,专营经纪人
Specific Risk,特殊风险
Speculation,投机
Spinoff,分拆
Sponsor,保荐人
Spot Commodity,现货商品
Spot Market,现货市场
Spot Price,现货即期价格
Spot Trade,即期交易
Spread,价差、息差
Squeeze,紧缩
Stakeholder,权益方
Stamp Duty,印花税
Standard Deviation,标准差
Stock Dividend,股票股息
Stock Option,股票期权
Stock Quote,股票报价
Stock Record,股票纪录
Stock Split,分股
Strategic Alliance,战略联盟
Stress Testing,压力测试
Strike Price,行使价格
Structural Unemployment,结构性失业
Structured Finance,结构性融资
Structured Note,结构性票据
Subordinated Debt,从属债务
Subsequent Offering,后续发行
Subsidiary,子公司、附属公司
Supply Chain,供应链
Supply Chain Management,供应链管理
Supply-Side Theory,供应方理论
Supply,供应
Surcharge,附加费
Sushi Bond,寿司债券
Sustainable Growth Rate,可持续增长率
Swap,掉期
Swap Rate,掉期利率
Swap Spread,掉期息差
Syndicate,承销团
Syndicated Loan,银团贷款
Synergy,协同效应
Synthetic Collateralized Debt Obligation,合成有抵押债务
Synthetic Lease,合成租赁
Synthetic Put,合成出售期权
Systematic Risk,系统性风险
English Terms,中文翻译
Tag Along Rights,跟随权
Take or Pay,必付合约
Takeover,收购
Tangible Asset,有形资产
Target Company,目标公司
Target Price,目标价格
Tariffs,关税
Taxable Gain,应课税收益
Taxable Income,应课税收入
Tax Haven,避税乐园
Tax Holiday,免税期
Tax Shield,税盾
Technical Analysis,技术分析
Tender,投标、交换媒介
Tender Offer,股权收购要约
Tenor,期限
Terminal Value,最终价值
Term Sheet,条款书
The Wealth Effect,财富效应
The Fed,联储局
Theoretical Dow Jones Index,理论性道琼斯指数
Tier 1 Capital,一级资本
Tier 2 Capital,二级资本
Time Value of Money,资金的时间价值
Time-Weighted Rate of Return,时间加权回报率
Time Deposit,定期存款
Today's High,今天最高
Today's Low,今天最低
Tombstone,
Total Debt to Total Assets,总债务与总资产比率
Total Enterprise Value (TEV),总企业价值
Total Dependency Ratio,瞻养比率
Total Revenue,总收入
Total Shareholder Return,股东总回报
Total Tax,总税项
Total Utility,总效用
Tracker Fund,追踪基金
Tracking Stock,追踪股票
Trade Finance,贸易融资
Trade-Weighted Dollar,贸易加权美元
Trading Below Cash,股票价值低于现金值
Translation Exposure,换算风险
Treasury Bill,短期国库券
Treasury Bond,国库券
Treasury Note,政府票据
Treasury Offering,库存证券发行
Treasury Stock,库存股
Trust,信托
Trustee,受托人
Trustor,委托人
Turnaround,转亏为盈、市道转好
Turnover,周转率、成交量
English Terms,中文翻译
Unbundling,分拆收购
Under Reporting,申报不足
Underlying,相关证券、相关股票
Underperform,表现落后大市
Undersubscribed,认购不足
Undervalued,估值不足
Underweight,持有量不足
Underwriting,承销团
Underwriting Spread,承销价差
Unearned Income,非劳动收入
Unearned Revenue,未实现收入
Unit Trust (UT),单位信托
Unrealized Gain,未实现收益
Unrealized Loss,未实现损失
Unsecured Creditor,无抵押债权人
Unsecured Loan,无抵押贷款
U.S. Treasury,美国财政部
English Terms,中文翻译
Valuation,估值
Value-Added,增值
Value-Based Pricing,以价值为基础的定价
Value Chain,价值链
Value at Risk (VAR),风险价值
Value Investing,价值投资
Value Stock,价值股票
Vanilla Option,单纯期权
Variable Cost,可变成本
Variable Life Insurance Policy,可变寿险保单
Vendor Financing,供应商融资
Venture,创业项目
Venture Capital,创业资本
Venture Capital Fund,创业基金
Venture Capitalist,创业基金投资者
Vertical Integration,纵向整合
Vertical Market,纵向市场
Vertical Merger,纵向合并
Volatility,波动性
Volume Of Trade,交易量、成交量
Voting Right,投票权
Voting Shares,投票股票
Voting Trust,投票信托
Voting Trust Agreement,投票信托协议
Vulture Capitalist,兀鹫投资者
Vulture Fund,兀鹫基金
English Terms,中文翻译
WACC,加权平均资本成本
WTO,世界贸易组织
Wall Street,华尔街
War Bond,战争债券
Warrant,认股权证
Warrant Coverage,认股权证比重
Warrant Premium,认股权证溢价
Wealth Added Index (WAI),财富增值指数
Wealth Effect,财富效应
Wealth Management,财富管理
Weighted Average Cost of Capital (WACC),加权平均资本成本
Weighted Average Market Capitalization,加权平均总市值
White Elephant,白象
White Knight,白武士
White Paper,白皮书
Wholesale Banking,批发银行
Wholly Owned Subsidiary,全资拥有子公司
Withholding,预扣（税）
Withholding Tax,预扣（税）
Working Capital,营运资金
Working Capital Turnover,营运资金周转率
Working Ratio,流动比率
Work in Progress,在建项目
World Trade Organization (WTO),世界贸易组织
Write-Down,减记
Write-Off,销记、注销
Write-Up,增记
English Terms,中文翻译
YTD,本年迄今
YTM,到期收益率
Yankee Bond,扬基债券
Yankee CD,扬基存款证
Year To Date (YTD),本年迄今
Yellow Knight,黄武士
Yield,收益率
Yield To Maturity (YTM),到期收益率
Yield To Call,买回收益率
English Terms,中文翻译
Zero-Coupon Bond,零息票债券
Zero-Coupon Convertible,零息票可转换证券
Zero-Sum Game,零和游戏
STAR tech board,科创板
HNA,海航
Key opinion leaders,关键意见领袖
Tmall,天猫
Nestlé,雀巢
Kraft Heinz,卡夫亨氏
Netscape,网景
WTO,世界贸易组织
IEA,国际能源署
Rosneft,俄罗斯石油公司
Thomson Reuters,汤森路透